﻿<?xml version="1.0" encoding="utf-8"?>
<Deployment xmlns="http://schemas.microsoft.com/windowsphone/2012/deployment" AppPlatformVersion="8.0">
  <DefaultLanguage xmlns="" code="en-US" />
  <App xmlns="" ProductID="{eb23386f-8607-4836-9670-a7fb49c4d42c}" Title="JPW Artwork" RuntimeType="Silverlight" Version="1.0.0.0" Genre="apps.normal" Author="XPlatformCloudKit.Phone8 author" Description="Jared Paul Wilson is an artist in Lake Jackson, Texas, and he uses a variety of mediums, including Prismacolor pencils. He has published a children's book, as well." Publisher="XPlatformCloudKit.Phone8" PublisherID="{1c10a423-38f3-4cdc-adb9-8f93a2b99ba9}">
    <IconPath IsRelative="true" IsResource="false">StoreLogo.png</IconPath>
    <Capabilities>
      <Capability Name="ID_CAP_NETWORKING" />
      <Capability Name="ID_CAP_MEDIALIB_AUDIO" />
      <Capability Name="ID_CAP_MEDIALIB_PLAYBACK" />
      <Capability Name="ID_CAP_SENSORS" />
      <Capability Name="ID_CAP_WEBBROWSERCOMPONENT" />
      <Capability Name="ID_CAP_REMOVABLE_STORAGE" />
    </Capabilities>
    <Tasks>
      <DefaultTask Name="_default" NavigationPage="Views\ItemsShowcaseView.xaml" />
    </Tasks>
    <Tokens>
      <PrimaryToken TokenID="XPlatformCloudKit.Phone8Token" TaskName="_default">
        <TemplateFlip>
          <SmallImageURI IsRelative="true" IsResource="false">Assets\Tiles\FlipCycleTileSmall.png</SmallImageURI>
          <Count>0</Count>
          <BackgroundImageURI IsRelative="true" IsResource="false">Assets\Tiles\FlipCycleTileMedium.png</BackgroundImageURI>
          <Title>XPlatformCloudKit.Phone8</Title>
          <BackContent>
          </BackContent>
          <BackBackgroundImageURI>
          </BackBackgroundImageURI>
          <BackTitle>
          </BackTitle>
          <LargeBackgroundImageURI IsRelative="true" IsResource="false">Assets\Tiles\FlipCycleTileLarge.png</LargeBackgroundImageURI>
          <LargeBackContent />
          <LargeBackBackgroundImageURI IsRelative="true" IsResource="false">
          </LargeBackBackgroundImageURI>
          <DeviceLockImageURI>
          </DeviceLockImageURI>
          <HasLarge>True</HasLarge>
        </TemplateFlip>
      </PrimaryToken>
    </Tokens>
    <Extensions>
      <Protocol Name="xplatformcloudkit" NavUriFragment="encodedLaunchUri=%s" TaskID="_default" />
    </Extensions>
    <ScreenResolutions>
      <ScreenResolution Name="ID_RESOLUTION_WVGA" />
      <ScreenResolution Name="ID_RESOLUTION_WXGA" />
      <ScreenResolution Name="ID_RESOLUTION_HD720P" />
    </ScreenResolutions>
  </App>
</Deployment>